Question,Answer
"When is the next live show?","Next Star Search live show: Saturday 22 Mar, 8PM SGT on Channel 8. Also on mewatch."
"How do I vote for contestants?","Vote via the Star Search microsite at starstarch.mediacorp.sg. Voting opens after each live episode."
"Where can I watch past episodes?","All past episodes are on mewatch.sg — search 'Star Search 2026'."
"When is the finale?","Star Search 2026 finale is on 18 April 2026, 8PM SGT."
"How to join the giveaway?","Follow our Telegram channel and comment with #StarSearch2026 before 31 Mar 2026."
"Who are the judges?","The judges for Star Search 2026 are Taufik Batisah, Stefanie Sun, and JJ Lin."
"What time does voting close?","Voting closes at midnight SGT on the day after each live episode."
"Can I attend the live show?","Live show tickets are available via SISTIC. Check starstarch.mediacorp.sg for details."
"How many contestants are left?","As of Episode 6, there are 8 contestants remaining in the competition."
"Where is the show filmed?","Star Search 2026 is filmed at Mediacorp Campus, 1 Stars Avenue, Singapore."
